sequence,label
ACDCRGDCFCGGGGIVRRADRAAVP,1
AFGMALKLLKKVL,1
AIGKFLHSAKKFGKAFVGEIMNS,1
ALWKNMLKGIGKLAGQAALGAVKTLVGA,1
CAHNLTHAC,1
CHANLTHAC,1
CHHALTHAC,1
CHHNATHAC,1
CHHNLAHAC,1
CHHNLTAAC,1
CHHNLTHAC,1
CSSRTMHHC,1
ESFSDWWKLLAE,1
ETFADWWKLLAE,1
ETFSDWWKLLAE,1
ETWRTEAPSATGQASSLLGGRLLGQ,1
FAFGKGIGKVGKKLL,1
FAGLAANFLPTIICKISYKC,1
FAKALKALLKALKAL,1
FAKGVGKVGKKAL,1
FAKIIAKIAKKI,1
FAKKALKALKKL,1
FAKKLAKALL,1
FAKKLAKKLAKAAL,1
FAKKLAKKLAKAL,1
FAKKLAKKLAKLAL,1
FAKKLAKKLAKLL,1
FAKKLAKKLKKLAKKLAK,1
FAKKLAKKLKKLAKKLAKLAKKL,1
FAKKLAKKLKKLAKKLAKLALAL,1
FAKKLAKKLKKLAKLALAK,1
FAKKLAKKLKKLAKLALAL,1
FAKKLAKKLL,1
FAKKLAKLAKKL,1
FAKKLAKLAKKLAKLAL,1
FAKKLKKLAKKL,1
FAKKLKKLAKLAKKL,1
FAKLA,1
FAKLAKKLL,1
FAKLF,1
FAKLFAKAFKKAL,1
FAKLLAKALKKFL,1
FAKLLAKALKKL,1
FAKLLAKALKKLL,1
FAKLLAKKLL,1
FAKLLAKLAK,1
FAKLLAKLAKAKG,1
FAKLLAKLAKAKL,1
FAKLLAKLAKK,1
FAKLLAKLAKKAA,1
FAKLLAKLAKKEL,1
FAKLLAKLAKKGL,1
FAKLLAKLAKKIL,1
FAKLLAKLAKKL,1
FAKLLAKLAKKLL,1
FAKLLAKLAKKSL,1
FAKLLAKLAKKVL,1
FAKLLAKLAKLKL,1
FAKLLALALKLKL,1
FALALKA,1
FALALKAKKL,1
FALALKALKK,1
FALALKALKKA,1
FALALKALKKAL,1
FALALKALKKL,1
FALALKALKKLAKKLKKLAKKAL,1
FALALKALKKLKKALKKAL,1
FALALKKALKALKKAL,1
FALALKLAKKL,1
FALALKLKKL,1
FALKALKK,1
FALKALKKAL,1
FALLKL,1
FAVGLRAIKRALKKLRRGVRKVAKDL,1
FGKGIGKVGKKLL,1
FIFHIIKGLFHAGKMI,1
FKCRRWQWRMKK,1
FKCRRWQWRMKKLGA,1
FKRIVQRIKDFLRNLV,1
FKVKFKVKVK,1
FLKLLAGLLKNFA,1
FRKSKEKIGKEFKRIVQRIKDFLRNLV,1
FVDLKKIANIINSIF,1
GETDPNTQLLNDLGNNMAWGAALGAPGGLGSAALGAAGGALQTVGQGLID,1
HGPVNVFIPVLIGPSWNGSGSGYNSATSSSGSGS,1
GFFALIPKIISSPLFKTLLSAVGSALS,1
GFGMALRLLRRVL,1
GFIFHIIKGLFHAGKMIHGLV,1
GIGKFLHSAKKFAKAFVAEIMNS,1
GIGVLLSAGKAALKGLAKVLAEKYAN,1
GIIKKIIKKI,1
GIIKKIIKKIIKKI,1
GIIKKIIKKIIKKIIKKI,1
GKWMSLLKHIWK,1
GKWSKILGHLIR,1
GLFAVIKKVAKVIKKL,1
GLFAVIKKVASVIKKL,1
GLFGKLIKKFGRKAISYAVKKARGKH,1
GLFKVIKKVAKVIKKL,1
GLFKVIKKVASVIGGL,1
GMWKKILGHLIR,1
GMWKKILGKLIR,1
GMWSKILGHLIK,1
GMWSKILGHLKR,1
GMWSKILGKLIR,1
GRKKRRQRRR,1
GRKKRRQRRRGGWMWVTNLRTD,1
HHPHG,1
HHPHGHHPHG,1
HHPHGHHPHGHHPHG,1
IVRRADRAAVP,1
KAAKKAWKAAKKAAKWWKKAA,1
KAAKKAWKAAKKAWKAAKKAA,1
KAAKKAWKAWKKAAKAAWKKAA,1
KAAKKAWKWAKKAAKWAKKAA,1
KAAKKWAKAAKKAAKAWKKAA,1
KAAKKWAKAAKKWAKAWKKAA,1
KAAKKWAKAWKKAAKAWKKAA,1
KAKLAKKALAKLL,1
KAKLF,1
KAQIRAMECNIL,1
KFKKLAKKF,1
KFKKLAKKW,1
KIFGSLAFL,1
KILRGVAKKIMRTFLRRILTGKK,1
KILRGVAKKIMRTFLRRISKDILTGKK,1
KKKFPWWWPFKKK,1
KKKFPWWWPFKKKKKKFPWWWPFKKKK,1
KKVVFKVKFK,1
KLALKLALKALKAAKLA,1
KLLKLLLKLYKKLLKLL,1
KMWSKILGHLIR,1
KRLRRVWRRWR,1
KVKVKVKVPPTKVKVKVK,1
KWKKLAKKW,1
KWKLF,1
KWKLFKKIGPGKFLHSAKKF,1
KWKLFKKIPKFLHSAKKF,1
KWKSFAKTFKSAKKTVLHTALKAISS,1
KWKSFLKTFKSAKKTVAHTALKAISS,1
KWKSFLKTFKSAKKTVLHTLLKAISS,1
KWKSFLKTFKSLKKTVLHTALKAISS,1
KWKSFLKTFKSLKKTVLHTLLKLISS,1
KWKWKW,1
KWLRRVWRWWR,1
KWWKKAAKAAKKAAKAAKKWA,1
LFGMALKLLKKVL,1
LGQSAASAHHAYIVLAIENSFMTASKKK,1
LIAHNQVRQV,1
LKKLAKLALAF,1
LLAGLAANFLPTIICKISYKC,1
LLGDFFRKSKEK,1
LLRHVVKILEKYL,1
LLRHVVKILSKYL,1
LRVRLASHLRKLRKRLLRDADDLQKRLAVY,1
LTFSDWWKLLAE,1
MDSNKDERAYAQWVIIILHNVGSSPFKIANLGLSWGKLYADGNKDKEV,1
SKRNTWTPSGSNTKWMVEWSGQNLDSGALGTITVDVLRKGN,1
QAANVAATLKG,1
TKALGEVDILLTWMQKFYKL,1
VRTLKSFSTLANNFVLIVSQLQPSQENEMFSIRDSAHRRFLLFRRAFKQL,1
MRGIRGADFQAFQQARAVGLAGTFR,1
MTLTG,1
MWKWFHNVLSWWWLLADKRPARDYNRK,1
NHFTLKCPKTALTEPPTLAY,1
NVWKKILGKIIKVVK,1
PAARKAARWAWRMLKKGA,1
PAARKAFRWAWRMLKKAA,1
PAWAKAFRAAARMKLKAA,1
PAWFKARRWAWRMKKLAA,1
PAWFKARRWAWRMLKKAA,1
PAWRKAARWAWRMLKKAA,1
PAWRKAFRAAWRMLKKAA,1
PAWRKAFRKAWRMLKKAA,1
PAWRKAFRWAARMLKKAA,1
PAWRKAFRWAKRMLKKAA,1
PAWRKAFRWAWRMKKLAA,1
PAWRKAFRWAWRMLKKAA,1
PAWRKARRWARRMKKLAA,1
PAWRKARRWAWRMKKLAA,1
PDEDAINNALNKVCSTGRRQRSICKQLLKK,1
PLLQATLGGGS,1
PPPEE,1
RAGLQFPVGRLLRRLLRRLLR,1
RGDLLRHVVKILSKYL,1
RKKRRQRRR,1
RRRRRNWMWC,1
RRRRRWCMNW,1
RWRWRWRW,1
RYLGYL,1
TAGIKLTVPIEKFPVTTQTFWG,1
TFRAFLSSRLQDLYSIVRRADRAAV,1
TKPRKTKPRKTKPRKTKPR,1
TRSSRAGLQWPVGRVHRLLRKGGC,1
VAKALAKALLKALKAL,1
VAKALKALLKALKAL,1
VAKFLAKFLKKAL,1
VAKKFAKKFKKFAKKFAKFAFAF,1
VAKKLAKLAKKLAKLAL,1
VAKKLAKLAKKLAKLALAL,1
VAKKLAKLAKKLLAL,1
VAKLLAKALKKLL,1
VAKLLAKLAKKLL,1
VAKLLAKLAKKVL,1
VALALKALKKALKKLKKALKKAL,1
VALALKALKKL,1
VALALKALKKLAKKLKKLAKKAL,1
VNFKKLLGKLLKVVK,1
VNWKKIILGKIIKVVK,1
VNWKKILAKIIKVVK,1
VNWKKILGKIKKVVK,1
VNWKKILKKIIKVVK,1
VNWKKILPKIIKVVK,1
VNWKKLLGKLLKVVK,1
VNWKKVLGKVVKVVK,1
VNWRRILGRIIRVVR,1
VRRFPWWWPFLRR,1
VYWKKILGKIIKVVK,1
WALAL,1
WFKKIPKFLHLAKKF,1
WFKKIPKFLHLLKKF,1
WKKIPKFLHLAKKF,1
WKKIPKFLHLLKKF,1
WKLFKKIPKFLHLAKKF,1
WRWRWRWRW,1
YAKLLAKLAKKAL,1
YGRKKRRQRRR,1
YGRKKRRQRRRREADFFWSLCTADMS,1
YPFPG,1
GVSGHGQHGVHG,1
QCRRLCYKQRCVTYCRGR,1
INLKALAALAKKIL,1
ITSISLCTPGCKTGALMGCNMKTATCNCSIHVSK,1
ITSISLCTPGCKTGALMGCNMKTATCHCSIHVSK,1
GLLRKGGEKIGEKLKKIGQKIKNFFQKLVPQPEQ,1
YRGGYTGPIPRPPPIGRPPFRPVCNACYRLSVSDARNCCIKFGSCCHLVK,1
GFGALFKFLAKKVAKTVAKQAAKQGAKYVVNKQME,1
FLGGLIKIVPAMICAVTKKC,1
GLFDVVKGVLKGVGKNVAGSLLEQLKCKLSGGC,1
GFKRIVQRIKDFLRNLV,1
GRRRRSVQWCAVSQPEATKCFQWQRNMRKVRGPPVSCIKRDSPIQCIQA,1
QICKAPSQTFPGLCFMDSSCRKYCIKEKFTGGHCSKLQRKCLCTKPC,1
KFFRKLKKSVKKRAKEFFKKPRVIGVSIPF,1
SVAGRAQGM,1
TESYFVFSVGM,1
PMPVSQECFETLRGHERILSILRHQNLLKELQDLALQGAKERAHQQ,1
GFSSIFRGVAKFASKGLGKDLAKLGVDLVACKISKQC,1
FIHHIIGGLFSAGKAIHRLIRRRRR,1
FIHHIIGWISHGVRAIHRAIHG,1
FLHHIVGLIHHGLSLFGDRAD,1
GFLDIIKDTGKEFAVKILNNLKCKLAGGCPP,1
RKGWFKAMKSIAKFIAKEKLKEHL,1
ILPIRSLIKKLL,1
FLPLKKLRFGLL,1
LKLSPKTKDTLKKVLKGAIKGAIAIASMA,1
IKIPSFFRNILKKVGKEAVSLIAGALKQS,1
GIFPIFAKLLGKVIKVASSLISKGRTE,1
GIPCGESCVFIPCTVTALLGCSCKDKVCYKN,1
GVPCAESCVWIPCTVTALLGCSCKDKVCYLN,1
GIPCGESCVYIPCTVTALLGCSCKDKVCYKN,1
GSVIKCGESCLLGKCYTPGCTCSRPICKKD,1
SKWQHQQDSCRKQLQGVNLTPCEKHIMEKIQGRGDDDDDDDDD,1
CETPSKHFNGLCIRSSNCASVCHGEHFTDGRCQGVRRRCMCLKPC,1
RLGDGCTR,1
WAIVLL,1
GLVGTLLGHIGKAILG,1
GLVGTLLGHIGKAILS,1
ELLVDLL,1
KRFKKFFKKVKKSVKKRLKKIFKKPMVIGVTIPF,1
RWKIFKKIEKMGRNIRDGIVKAGPAIEVLGSAKAIGK,1
FLFSLIPSVIAGLVSAIRN,1
FLFSLIPSAIAGLVSAIRN,1
FFSLIPSLVGGLISAFK,1
FCTCNVKGFNAKNKRGIIYP,1
GLPLCGETCVGGTCNTPGCSCGWPVCVRN,1
GAFLKCGESCVYLPCLTTVVGCSCQNSVCYRD,1
GAVPCGETCVYLPCITPDIGCSCQNKVCYRD,1
GTSCGETCVLLPCLSSVLGCTCQNKRCYKD,1
DEDDD,1
RGSALTHLP,1
GFGSKPLDSFGLNFF,1
GFGSKPIDSFGLSWL,1
AAKKWAKAKWAKAKKWAKAA,1
AAVPIVNLKDELLFPSWEALFSGSE,1
AAWKWAWAKKWAKAKKWAKAA,1
AKRHHGYKRKFH,1
ALSKALSKALSKALSKALSKALSK,1
ALWKDILKNVGKAAGKAVLNTVTDMVNQ,1
ALWKTMLKKLGTMALHAGKAALGAAADTISQGTQ,1
AWKKWAKAWKWAKAKWWAKAA,1
FAFAKIIAKIAKKII,1
FAFGKGIGKIGKKGL,1
FAKAIAKIAFGKGIGKVGKKLL,1
FAKALAKLAKKLL,1
FAKFLAKFLKKAL,1
FAKIIAKIAKIAKKIL,1
FAKKFAKKFKKFAKKFAKFAFAF,1
FAKKLAKKAKLAKKL,1
FAKKLAKKLKKLAKKLAKKWKL,1
FAKKLAKKLKKLAKKLAKLALALKALALKAL,1
FAKKLAKKLKKLAKKLIGAVLKV,1
FAKKLAKLAKKALAL,1
FAKKLAKLAKKLAKAL,1
FAKKLAKLAKKLAKLALAL,1
FAKKLAKLAKKLLAL,1
FAKKLAKLALKLAKL,1
FAKKLLAKALKL,1
FAKLAKKALAKLL,1
FAKLFAKLAKKFAL,1
FAKLLAKAFKKAL,1
FAKLLAKALKKAL,1
FAKLLAKALKKFAL,1
FAKLLAKALKLKL,1
FAKLLAKFLKKAL,1
FAKLLAKLAKAKA,1
FAKLLAKLAKKAL,1
FAKLLAKLAKKFAL,1
FAKLLFKALKKAL,1
FAKLLKLAAKKLL,1
FAKLWAKLAFGKGIGKVGKKLL,1
FAKLWAKLAKKL,1
FALAAKALKKLAKKLKKLAKKAL,1
FALAKALKKAL,1
FALAKKALKKAKKAL,1
FALAKLAKKAKAKLKKALKAL,1
FALALKALKKALKKLKKALKKAL,1
FALALKALKKLLKKLKKLAKKAL,1
FALALKLAKKAL,1
FALKALKKLKKALKKAL,1
FALLKALKKAL,1
FALLKALLKKAL,1
FKLAFKLAKKAFL,1
FKRLAKIKVLRLAKIKR,1
FLGALFHALSKLL,1
FLGALFKALSHLL,1
FLGALFKALSKLL,1
FLGMIPGLIGGLISAFK,1
FLGMIPKLIKKLIKAFK,1
FLGWLFKWAKK,1
FLGWLFKWAWK,1
FLKLLKKLAAKFLPTIICKISYKC,1
FLKLLKKLAAKLF,1
FLSLIPKLVKKIIKAFK,1
FLSLIPSLVGGSISAFK,1
FLWWLFKWAWK,1
GFKMALKLLKKVL,1
GIGKFLHAAKKFAKAFVAEIMNS,1
GIGKFLHSAKKWGKAFVGQIMNC,1
GIGKFLKKAKKFAKAFVKIINN,1
GKFMSLLKHILK,1
GKWKKILGHLIR,1
GKWKKILGKLIR,1
GKWKSLLKHILK,1
GKWLSLLKHILK,1
GKWMKLLKHILK,1
GKWMSFLKHILK,1
GKWMSLLKHWLK,1
GKWMSLLKKILK,1
GKWMSLWKHILK,1
GKWMTLLKHILK,1
GKWSKILGKLIR,1
GLFAVIKKVAAVIKKL,1
GLFAVIKKVAAVIRRL,1
GLFAVIKKVASVIKGL,1
GLFDVIAKVASVIKKL,1
GLFDVIKAVASVIGGL,1
GLFDVIKKVAAVIGGL,1
GLFDVIKKVASVIKKL,1
GLFGKLIKKFARKAISYAVKKARGKH,1
GMWSKILKHLIR,1
GMWSKLLGHLLR,1
GQVWEATATVNAIRGSVTPAVSQFNARTAD,1
GSEGPLKPGARIFSFDGKDVLRHPT,1
GVGSPYVSRLLGICL,1
GWRTLLKKAEVKTVGKLALKHYL,1
HHPHGHHPHGHHPHGHHPHG,1
HPTWPQKSVWHGSDPNGRRLTESY,1
HSHRDFQPVLHLVALNSPLSGGMRG,1
ILPWKWPWWPWRR,1
ILRWPWWPWRRK,1
KAAKKAAKAAKKAAKAAKKAA,1
KIAKVALAKLGIGAVLKVLTTGL,1
KILRGVAKKILRTFLRRISKDILTGKK,1
KILRGVAKKIMRTFLRRISKKILTGKK,1
KISKRILTGKK,1
KKKFPWWWPFKKKCKKKFPWWWPFKKKC,1
KLAKKLAKLAKLAKAL,1
KNWKKILGKIIKVVK,1
KNWKKILKKIIKVVK,1
KTKLFKKFAKKLAKKLKKLAKKL,1
KWFKKIPKFLHLLKKF,1
KWKFKKIPKFLHLAKKF,1
KWKKFLKIGIGKFLHLAKKF,1
KWKKLLKKPPPLLKKLLKKL,1
KWKLAKKALALL,1
KWKLFAKIGIGKFLHLAKKF,1
KWKLFKKALKKLKKALKKAL,1
KWKLFKKIGIGAFLHLAKKF,1
KWKLFKKIGIGAVLKVLKKG,1
KWKLFKKIGIGKFKLAKKF,1
KWKLFKKIGIGKFLHSAKKF,1
KWKLFKKIPHLAKKF,1
KWKLFKKIPLAKKF,1
KWKLFKKIPLKKF,1
KWKLFKKKTKLFKKFAKKLAKKL,1
KWKSFAKTFKSAKKTVAHTALKAISS,1
KWKSFLKTFKSAKKTVAHTAAKAISS,1
KYKKALKKLAKLL,1
LGGIVSAVKKIVDFLG,1
LLGDFKRIVQRIKDF,1
LPKWKVFKKIEKVGRNIRNGIVKAGPAIAVLGEAKALG,1
MPKEKVFLKIEKMGRNIRN,1
MRKWFHNVLSSGQLLADKWPAWDYNRK,1
MWKEFHNVLSSGQLLADKRWARWYNRW,1
MWKWFHNVLSSGQLLADKWWAWWYNWW,1
MWKWFHNVLSSWQLLADKRPARDYNRK,1
NKWKKILGKIIKVVK,1
PDEDAINDALNKVCSTGRRQRSICKQLLKK,1
PEWFKCRRWQWRMKKLGA,1
RGDLLRHVVKILEKYL,1
RKAFRWAWRMLKKAAPSITCVR,1
SWLSKTAKKLENSAKKRISEGIAIAIQGGPR,0
ATAPTTRNLLTTPKF,0
TIELSNIKENKCNGTDAKVKLIKQELDKYKNAVTE,0
DMELKPANAATRTSR,0
DNVKFLKVKKDPQNPKKQEVMEATVTCLLEGGF,0
TPGSKISVIRSKRVIQANTISSCDIIISD,0
CVCVKTTSLVRPRHI,0
KIPLELWTRYNMTINQTIWN,0
DVMAVSTCVPVAADN,0
QRRNQLHDLRFADID,0
SNGSAECTGEGGSKEVVGTFKAKDLIVTPATIL,0
MIRIAALNASSTIEDDHEGSFKSHKIQTKEAQEAE,0
LLILTCLVASAVAMPKFPFRHTELFQTQRGGSSSSSS,0
CVPADINKEEEFVEEFNRLKTFANFPSG,0
YGYREGSHTEHTTYA,0
KQRNRWEWRPDFKSKKVKISLPC,0
IDLNITMLEDHEFVP,0
PNDGHDHPEKKDPDTTPKQVAGV,0
HAQKQLSKTSWDFIEGEADDGITYSENIAAFKRIRLR,0
HLGRPSALQIVAHPVSGPASPANFCPEQFQYTLDNNVLSL,0
NAGGWFSSWFFSNTANEDQDDMLPSTSAAAGETNYARN,0
FDPYALSEHDEERPQNVQSKSRTAELQAEIDDTVGI,0
ILKEQRQKGSASTLSSNGILDLKPVSEDNFYKWTAKL,0
ESGEGLGRKKS,0
ALLASALCTFVLPLLLFLAAIKLWDLYCVSG,0
MDIEAYYQRIGYKNPRNKLDLESLTDIFQHQIRTVPYEN,0
SVSVGTKPRPRP,0
LSNTLAELYVREHLR,0
KPPCRGCSSYLME,0
NAQMSEDSHSSSVRSQN,0
MLPRLICINDYEQHAKSVLPKSIYDYYRSGANDEE,0
GLIQTIKEKLKELAGGLVTGIQS,0
ELVFFVNGKKVVEKNADPETTLLAYLRRKLGLRGTKLGC,0
EMCILIDENDNKIGADTKKNCHLNENIDKGLLHRA,0
KKKKKKKKLLLLLLLL,0
RRSPSPTPTPGPSRRGPSLGASSHQHSRRRQGWLKEIR,0
CYSRPLVSFRYEDQG,0
ALNTLVKQLSSNFGAISSVLNDILSRLDKVEAEVQIDRL,0
YTPNDITLNNSVALDPIDISIELNKAKSDLEESKE,0
LDIVKKVVGAFGSL,0
REHLREQSRKPPNPT,0
RVDLGDCIGKDARDA,0
DPKLKWIQEYLEK,0
LRDIKAENTDANFYV,0
RNSYRKSPSRRNR,0
GAPRLVLLFSGKRKSGKDFVTEA,0
AVIGAGVIGLSTALCIHERYHPTQPLHMKIYADRFTPFTT,0
LKLKLKLKLKLKLKLK,0
SWFASTGGRDSKIDVWSLVP,0
IVMVGDGGVGKSAMTIQFIQSTFV,0
INAKGVCRSTAKYVR,0
KLAKKLAKLAKKLAKLAKKLA,0
ADRFKQVDGFYARDL,0
MLRKLWRRKLFSFPTKYYFLFLAFSVVTFTVLRI,0
CTSDLPSSWGYMNCNCTNSSSS,0
KQRQQLFDSQQGWFEGWFNRSPWFT,0
RPVPHRSKVCRCLFGPVDSEQLRRD,0
LTNAEEFTPKVTKTIAQDSFDILSFDD,0
ANGSRIPTGERVWDRGNVTL,0
YARDLTTKARATAPT,0
AFHRYGTTVNCIVEE,0
EPIVKSFHFVCLMIIIVGTRIQFSDGNEFA,0
KNPTPPRPAGDNATV,0
LSSGRPDGFIHVQGHLQEVD,0
NPNAIASVTVGRRVS,0
DTARIAVVGAGVVGLSTAVCISKLVPRCSVTII,0
TLKDITRRLKSIKNIQKITKSMKMVAAAKYARAE,0
TTVKVHASDERLGPMPCRPKEIVSSAGPVM,0
CVTCKSTVLCDKMQHPCRRGPRCISC,0
NLRKFKSKLGDRRQEPRVTKSAIEKL,0
KWNGWGDTRKFLHQLKPSGT,0
ANVDFAFSLYRQLVSSAPDRNICISPVSVSMAL,0
CGRCLQRACCKYCRLKCRLILFVIF,0
TAKYIPVHYVLSNYPHYEPSYY,0
IFIVFSVFNFGGDPSFQRLNISDPLRLTQVCTSFI,0
MTKWQEVDEMLRSEY,0
PFDYGLKWQSCSCRANGSRI,0
TPNCALQIVARLK,0
PPDAGEDSKSENGENAPIYCICRKPDI,0
PNQTCMWNTSQIQDPEIPKC,0
PPPLGAAPTGDPKPK,0
WVPKRPSVCTMTKWQ,0
VSALSSTRLPGSFSGFLQAAALLGLL,0
KNKKPTLILKIHVIQAENIEALKTFNC,0
VFQFLGKIIHHVGNFVHGFSHVF,0
QRGLFPAILNLASNAHISTNATCGEKGPEMFCKLVEH,0
KGLVLGIYSKEKEEDEPQFTSAGEN,0
ITTYWGLHTGERDWHL,0
LPLGFSAIRRYYLGAVELSWDYRQ,0
LLLVAVFTVYVFFHGAQYARGSAPSPKYSTVLSSGSGY,0
NLGPPSFPHHRATLRLSEK,0
CSAYKLVCYYTSWSQYREGDGSCFPDALDRFLCTHIIY,0
FGRYAFTVRALSSLPDKKKEFLHNGP,0
DDREDLVYQAKLAE,0
NHIQRHVNDMLGRVA,0
QAVGWGDPITHWSHGQNQWP,0
LDSYDKFLVRNAASIGSIESTLRTVSYVLPGRFNDVE,0
LLLALTTGFLIFLVSQSQPKTHGH,0
VMRNIAHFCSRSKSRVWGKDGWQKIVVCIVADG,0
VYPYDEFVLATGDFV,0
KKWWKAQKAVNSGPNA,0
DPTARLQLEARLQHLVAEILEREQSLALHA,0
MFCMAGLCLISFLHFFKTLSYVTFPRELASLSPNLIS,0
VLGDLQAAPEAQVSVQPNFQQDKFL,0
VPTHLATDVELKEIQGMMDASEGTNYTCCK,0
ACRVALALAREKEEFKTAGE,0
ASGLLLAALLACLTVMILLSV,0
KEPLEFHAKRPWRPEEAVEDPDEED,0
LSAASHRIPLSDGNSIPIIGLGTYSEPKSTPKGACATSV,0
SNNTIAIPTNFSISITTEVM,0
AKNIKKGPAPFYPLEDGTAGEQLHKAMKRYALVPGTIA,0
EEYAYSHQLSRADIT,0
VPYSWSWQVSLQYEKDGA,0
GICYCICGRGICRCICGR,0
RHEIKDSGLLDYTEV,0
LQVAERLTRKYNELLKSYQ,0
SRFSVGSASPSSVLLYAKDL,0
GERKNNNKRWYFTREQLENSPSRRFGVDPDKE,0
SSSSSCYLEEALQRPVA,0
MSMLHLLAGIHSAPLASASVCS,0
INWLKLGKAIIDAL,0
RKVRGPPVSCIKRDSP,0
PWVNIFLPVLAIFLIYIIF,0
IAVVFKENIAPYKFK,0
SGSRIHVFKWQDTE,0
MFTLKKSLLLLFFLGTINLSLCEEERNAEEERRDEPDE,0
KKGILERLNAGEVVIGDGGFVFAL,0
VYRFFTRLGQIYQSWLDKSTPYTA,0
VEKTLTALPGLFLQNQPG,0
SLLLAGFIPPSQGQEKSKTDCHAGVGGTIYEYG,0
RCGTGPRLTKDLEAVPFVNR,0
PALNCYWPLNDYGFYTTSGI,0
IEFARLQFTYNHIQR,0
FLLLMSLYLLGSARGTSGQSDESSGSIDHQT,0
LLYTCLLWLLSSGLWTVQAMDPNAAYMNTSRHHRVLA,0
RALVDTLKFVTQAEGAK,0
QFEQPRRCPTRPEGQ,0
EGPTLGNGAREIWATLFKKA,0
EQGFPLDLGASFTEDAPR,0
IGVFKNIEYMCSRTSSKTWGKDA,0
PVVTKLLKFLDSSASREK,0
TCILDRRPASCGTCVRDCWP,0
KSHRDPYATSVGHLIEKA,0
PLGEEMRDRARAHVDALRTHLA,0
TEVSEALGGAGLTGGFYEPL,0
SWLSKTAKKLENSAKKRISEGIAIAIQGGPR,0
TGAWIEFGCHRNKSNLHTEA,0
TMKSTVLLSVFTVLATWAGLLEAHPLGD,0
WCNWHNIDPWIQLMNRTQADLAEGPPVKEC,0
PGAVRSPAQILQWQALPNTVPATSCQA,0
RCGGGARACRRACRCWLSGY,0
MTRRTTINPDSVVLNPQKFIQ,0
SDDPKESEGDLHCVC,0
KLVAPVTFRHHRYDDLVRTLYKVQNECPGITRVYSIGR,0
TVDTASAVRTPYDKARVFADLSPQEIKAVHSFLMNREEL,0
ADIIMEKLTEKQTEVETVMSEVSGFPMPQL,0
AFTVSSETGSISSEESVEHINEKL,0
PPAGLLSDEDVVDSPILESTAADLRSVVRKDLLSDC,0
YETSRKTSYIFQQPQHGPWQTRMRKISNHGSLRV,0
ARNDLASLQQQAAAEAEDIRRWWSQPRWAGTKRVYTAE,0
ANFYVCPPPTGATVV,0
STGCVIAGRLANVDENLKVLLIENGENNLN,0
GGKMLYNKVTKQLSYCTDPL,0
KTHINIVVIGHVDSGKSTTTGHLIYKCGGIDKRTIEKF,0
RDVQVEKRLSPNLLKSLLGK,0
GHRYSQFMGIFEDRA,0
CKNKEKKCCKNKEKKC,0
KITELNPHLMCVLCGGYFIDATTII,0
SVVQAVEPISLGLALAGVLTGYI,0
PEYDYLFKLLLIGDSGVGK,0
AGLCSLVTSHLTEEIQASNDT,0
RIRTWKSLVKHHM,0
LRKEKKRLLLRKEKKRLL,0
VHGMHPKETTRQLSLAVKDGL,0
AYQRALAAHPWKVQVLTAGSLMGLGDIISQ,0
SNFHSREKCLTGLVLVTLCFLCFGGIFLLPDNFGSDR,0
RVDHLLSAVESELQAGSEKGDPTERELRVA,0
RLRNPPVNAISTTLLRDIKEGLQKAGRDHTIKAIVIC,0
FLYTAFAMQELGCNQNQFFC,0
LQNHELTLWNEARKL,0
LCSKANVYTEVPDGGWGWAVAVSF,0
TRATSLGRPEEEEDELAHRCSSFMAPPVT,0
GCPVSDPFTTQRIPLDSTGY,0
DLTSNNPHFHISS,0
TEMSFLSSEVLVG,0
ASDSEEEVCDERTSLMSAESPTPR,0
RADITTVSTFIDLNI,0
LLFLCFHLRFCKVTYTSQEDLVEKKCLAKKYTHLSCD,0
HNGPAHWHEHFPIANGERQSPIA,0
TAFHRDDHETDMELK,0
ATHIKVGQPQYYQAN,0
SFPVNRFNIADNTPPTLDF,0
FLVEQMWAPLWSRSMRPGRWCSQRSCAWQTSNN,0
GEQSVGKTSLITRFMYDSFDNTYQATIGIDF,0
PYSDELRQRLAARLEALKENGG,0
DEVSKYEKLAKIGQGTFGEVFKAR,0
SVTLPSICSHFNPLSLEELG,0
FREVLHCLKMRSKYAVLLVFVVGLVIIEKENNFISRVSD,0
RPAHPLDPLSTAEIKAATNTVKSYFAG,0
SRLLHGQIPCVLTRSVHSVAIVGAPF,0
DEDEKKSRGSKLG,0
ISSVKFSPNTSQFLLVSSWDTSVRL,0
LMARGHPKAYGHLPPGPRPLP,0
FLEGFLVPKVVPGPTAALLKKALDD,0
SFTTPEHDFTLFPHRNHSVTSESRIPSEQTLKSLTDI,0
IFILGYLLSPTLQQYQQIPPRDYENKNYFLVELNTTN,0
YCESPAAAMDAYYSPVSQSREGSSP,0
QAQPVLVFKLTADFREDPDPRKVNLGVGAYRTDDS,0
GCSVGAEADRELEELLESA,0
LVEMVQALYEAPAYHLILEG,0
AAKPMGITCDLLSLWKVGHAACAAHCLVLGDVGGYCTKEGLCVCKE,0
ACNFQSCWATCQAQHSIYFRRAFCDRSQCKCVFVRG,0
ACYCRIGACVSGERLTGACGLNGRIYRLCCR,0
AEVAPAPAAAAPAKAPKKKAAAKPKKAGPS,0
ALPKKLKYLNLFNDGFNYMGVV,0
ALSILKGLEKLAKMGIALTNCKATKKC,0
ALWKDILKNAGKAALNEINQLVNQ,0
ANTAFVSSAHNTQKIPAGAPFNRNLRAMLADLRQNAAFAG,0
APPGARPPPGPPPPGPPPPGP,0
AQRCGDQARGAKCPNCLCCGKYGFCGSGDAYCGAGSCQSQCRGCR,0
ATAVDFGPHGLLPIRPIRIRPLCGKDKS,0
ATCDLFSFRSKWVTPNHAACAAHCLLRGNRGGRCKGTICHCRK,0
ATCDLLSGIGVQHSACALHCVFRGNRGGYCTGKGICVCRN,0
ATCDLLSGTGINHSACAAHCLLRGNRGGYCNGKAVCVCRN,0
ATCDLLSMWNVNHSACAAHCLLLGKSGGRCNDDAVCVCRK,0
ATCYCRTGRCATRESLSGVCEISGRLYRLCCR,0
ATPATPTVAQFVIQGSTICLVC,0
ATRVVYCNRRSGSVVGGDDTVYYEG,0
CAWYNISCRLGNKGAYCTLTVECMPSCN,0
CLAGRLDKQCTCRRSQPSRRSGHEVGRPSPHCGPSRQCGCHMD,0
CSCRTSSCRFGERLSGACRLNGRIYRLCC,0
DFKDWMKTAGEWLKKKGPGILKAAMAAAT,0
DIQIPGIKKPTHRDIIIPNWNPNVRTQPWQRFGGNKS,0
DLRFLYPRGKLPVPTLPPFNPKPIYIDMGNRY,0
DLRFWNPREKLPLPTLPPFNPKPIYIDMGNRY,0
DSHEKRHHGYRRKFHEKHHSHREFPFYGDYGSNYLYDN,0
DVQCGEGHFCHDQTCCRASQGGACCPYSQGVCCADQRHCCPVGF,0
EADEPLWLYKGDNIERAPTTADHPILPSIIDDVKLDPNRRYA,0
EIRLPEPFRFPSPTVPKPIDIDPILPHPWSPRQTYPIIARRS,0
EKKCPGRCTLKCGKHERPTLPYNCGKYICCVPVKVK,0
ELPKLPDDKVLIRSRSNCPKGKVWNGFDCKSPFAFS,0
ENFFKEIERAGQRIRDAIISAAPAVETLAQAQKIIKGGD,0
FAEPLPSEEEGESYSKEPPEMEKRYGGFM,0
FFRHLFRGAKAIFRGARQGWRAHKVVSRYRNRDVPETDNNQEEP,0
FFSASCVPGADKGQFPNLCRLCAGTGENKCA,0
FGLPMLSILPKALCILLKRKC,0
GFGCPLDQMQCHRHCQTITGRSGGYCSGPLKLTCTCYR,0
GFKLKGMARISCLPNGQWSNFPPKCIRECAMVSS,0
GGLKKLGKKLEGVGKRVFKASEKALPVAVGIKALGK,0
GGLKKLGKKLEGVGKRVFKASEKALPVLTGYKAIG,0
GILDSFKQFAKGVGKDLIKGAAQGVLSTMSCKLAKTC,0
GILDSLKNLAKNAGQILLNKASCKLSGQC,0
GILDTLKNLAISAAKGAAQGLVNKASCKLSGQC,0
GILDTLKQFAKGVGKDLVKGAAQGVLSTVSCKLAKTC,0
GKQYFPKVGGRLSGKAPLAAKTHRRLKP,0
GKWGWIYITILFADVGGFKSSRHPEERRVQERRFKRITRGPD,0
GLFRRLRDSIRRGQQKILEKARRIGERIKDIFRG,0
GLFSILRGAAKFASKGLGKDLTKLGVDLVACKISKQC,0
GLFTLIKCAYQLIAPTVACN,0
GLLCYCRKGHCKRGERVRGTCGIRFLYCCPRR,0
GLLDSIKGMAISAGKGALQNLLKVASCKLDKTC,0
GLLDSLKNLAINAAKGAGQSVLNTLSCKLSKTC,0
GLLNGLALRLGKRALKKIIKRLCR,0
GLLRASSVWGRKYYVDLAGCAKA,0
GLLSGVLGVGKKVDCGLSGLC,0
GLLSRLRDFLSDRGRRLGEKIERIGQKIKDLSEFFQS,0
GLMSVLGHAVGNVLGGLFKS,0
GLRSKIWLWVLLMIWQESNKFKKM,0
GLVSSIGKALGGLLADVVKTKEQPA,0
GLVSSIGRALGGLLADVVKSKEQPA,0
GPDSCNHDRGLCRVGNCNPGEYLAKYCFEPVILCCKPLSPTPTKT,0
GRPNPVNNKPTPHPRL,0
GRPNPVNTKPTPYPRL,0
GRRRRSVQWCAVSQPEATKCFQWQRNMRKVRGPPVSCIKRDSPIQCIQA,0
GSCSCSGTISPYGLRTCRATKTKPSHPTTKETHPQTLPT,0
GSKKPVPIIYCNRRTGKCQRM,0
GSQLVYREWVGHSNVIKGPP,0
GSVLNCGETCLLGTCYTTGCTCNKYRVCTKD,0
GTCKAECPTWEGICINKAPCVKCCKAQPEKFTDGHCSKILRRCLCTKPC,0
GTPGFQTPDARVISRFGFN,0
GTWDDIGQGIGRVAYWVGKALGNLSDVNQASRINRKKKH,0
GVFLDALKKFAKGGMNAVLNPK,0
GVFSFLKTGAKLLGSTLLKMAGKAGAEHLACKATNQC,0
GVIKSVLKGVAKTVALGML,0
GVITDALKGAAKTVAAELLRKAHCKLTNSC,0
GVLDILKGAGKDLLAHALSKISEKV,0
GVLDILTGAGKDLLAHALSKLSEKV,0
GVVDILKGAGKDLLAHLVGKISEKV,0
GWANTLKNVAGGLCKITGAA,0
HNKQEGRDHDKSKGHFHRVVIHHKGGKAH,0
HRHQGPIFDTRPSPFNPNQPRPGPIY,0
HVDKKVADKVLLLKQLRIMRLLTRL,0
IFGAILPLALGALKNLIK,0
IIEKLVNTALGLLSGL,0
IIGLVSKGTCVLVKTVCKKVLKQG,0
IKITTMLAKLGKVLAHV,0
ILENLLARSTNEDREGSIFDTGPIRRPKPRPRPRPEG,0
ITCQQVTSELGPCVPYLTGQGIP,0
KCKWWNISCDLGNNGHVCTLSHECQVSCN,0
KQEGRDHDKSKGHFHMIVIHHKGGQAHHG,0
KQQLATEAESAGPIL,0
KRFGRLAKSFLRMRILLPRRKILLAS,0
KRFHSVGSLIQRHQQMIRDKSEATRHGIRIITRPKLLLAS,0
KRRGSVTTRYQFLMIHLLRPKKLFA,0
KRRHWFPLSFQEFLEQLRRFRDQLPFP,0
KSCCRSTQARNIYNAPRFAGGSRPLCALGSGCKIVDDKKTPPND,0
LLGRCKVKSNRFHGPCLTDTHCSTVCRGEGYKGGDCHGLRRRCMCLC,0
LPVNEAQCRQVGGYCGLRICNFPSRFLGLCTRNHPCCSRVWV,0
LQDAALGWGRRCPQCPRCPSCPSCPRCPRCPRCKCNPK,0
LRVRLASHLRKLRKRLLRDADDLQKRLAVY,0
LSCKRGTCHFGRCPSHLIKGSCSGG,0
LTCEIDRSLCLLHCRLKGYLRAYCSQQKVCRCVQ,0
MDSNKDERAYAQWVIIILHNVGSSPFKIANLGLSWGKLYADGNKDKEV,0
MHDFWVLWVLLEYIYNSACSVLSATSSVSSRVLNRSLQVKVVKITN,0
MLAKIKAMIKKFPNPYTLAAKLTTYEINWYKQQYGRYPWERPVA,0
PDEDAINDALNKVCSTGRRQRSICKQLLKK,0
SKRNTWTPSGSNTKWMVEWSGQNLDSGALGTITVDVLRKGN,0
TYMPVEEGEYIVNISYADQPKKNSPFTAKKQPGPKVDLSGVKAYGPG,0
VNYGNGVSCSKTKCSVNWGQAFQERYTAGINSFVSGVASGAGSIGRRP,0
VSCTCRRFSCGFGERASGSCTVNGVRHTLCCRR,0
VTCDILSVEAKGVKLNDAACAAHCLFRGRSGGYCNGKRVCVCR,0
VTCDLLSFEAKGFAANHSLCAAHCLAIGRRGGSCERGVCICRR,0
VTCYCRRTRCGFRERLSGACGYRGRIYRLCCR,0
VTSWSLCTPGCTSPGGGSNCSFCC,0
WNPFKELERAGQRVRDAIISAGPAVATVAQATALAK,0
YVPLPNVPQPGRRPFPTFPGQGPFNPKIKWPQGY,0
GFCRCICTRGFCRCICTR,0
GFCRCLCRRGVCRCICTR,0
GFFAFIPKIISSPLFKTLLSAVGSALSSSGDQE,0
GFFAFIPKIISSPLFKTLLSAVGSALSSSGEQE,0
GFFALIPKIISSPIFKTLLSAVGSALSSSGGQE,0
GFFALIPKIISSPLFKTLLSAVGSALSSSGEQE,0
GFFALIPKIISSPLFKTLLSAVGSALSSSGGQE,0
GFFDLAKKVVGGIRNALGI,0
GFFDRIKALTKNVTLELLNTITCKLPVTPP,0
GFFGKMKEYFKKFGASFKRRFANLKKRL,0
GFFKKAWRKVKHAGRRVLDTAKGVGRHYVNNWLNRYR,0
GFFSLIKGVAKIATKGLAKNLGKMGLDLVGCKISKEC,0
GFFSTVKNLATNVAGTVIDTLKCKVTGGCRS,0
GFGALFKFLAKKVAKTVAKQAAKQGAKYVVNKQME,0
GFGCNGPWDEDDMQCHNHCKSIKGYKGGYCAKGGFVCKCY,0
GFGCPFNENECHAHCLSIGRKFGFCAGPLRATCTCGKQ,0
GFGCPFNQGACHRHCRSIRRRGGYCAGLFKQTCTCYR,0
GFGCPFNQYECHAHCSGVPGYKGGYCKGLFKQTCNCY,0
GFGCPGDAYQCSEHCRALGGGRTGGYCAGPWYLGHPTCTCSF,0
GFGCPGNQLKCNNHCKSISCRAGYCDAATLWLRCTCTDCNGKK,0
GFGCPLNQGACHNHCRSIGRRGGYCAGIIKQTCTCYRK,0
GFGCPLNQGACHRHCRSIRRRGGYCAGFFKQTCCYRN,0
GFGCPNDYPCHRHCKSIPGRAGGYCGGAHRLRCTCYR,0
GFGCPNDYSCSNHCRDSIGCRGGYCKYQLICTCYGCKKRRSIQE,0
GFGCPNNYACHQHCKSIRGYCGGYCAGWFRLRCTCYRCG,0
GFGCPNNYQCHRHCKSIPGRCGGYCGGWHRLPCTCYRCG,0
GFGCPWNRYQCHSHCRSIGRLGGYCAGSLRLTCTCYRS,0
GFGMALKLLKKVL,0
GFGSFLGKALKAALKIGADVLGGAPQQ,0
GFGSFLGKALKAALKIGANVLGGAPEQ,0
GFGSFLGKALKAALKIGANVLGGAPQQ,0
GFGSLLGKALKIGTNLL,0
GFKDLLKGAAKALVKTVLF,0
GFLDIIKDTGKEFAVKILNNLKCKLAGGCPP,0
GFLGILFHGVHHGRKKALHMNSERRS,0
GFLGPLLKLGLKGAAKLLPQLLPSRQQ,0
GFLGPLLKLGLKGVAKVIPHLIPSRQQ,0
GFLGSLLKTGLKVGSNLL,0
GFMATAKNVAKNMDVTLLDNLKCKITKAC,0
GFMDTAKNVAKNEAGNLLDNLKCKITKAC,0
GFMDTAKNVAKNMAGNLLDNLKCKITKAC,0
GFMDTAKNVAKNMAVTLLDNLKCKITKAC,0
GFMDTAKNVAKNVAATLLDKLKCKITGGC,0
GFMDTAKNVAKNVAVTLIDKLRCKVTGGC,0
GFMDTAKQVAKNVAVTLIDKLRCKVTGGC,0
GFMNTAKNVAKNVAVTLLDNLKCKITGGC,0
GFSSIFRGVAKFASKGLGKDLAKLGVDLVACKISKQC,0
GFSSIFRGVAKFASKGLGKDLARLGVNLVACKISKQC,0
GFSSLFKAGAKYLLKSVGKAGAQQLACKAANNCA,0
AAAPF,0
ADCVGDGQKCADWFGPYCCSGYYCSCRSMPYCRCRSDS,0
ADDKNPLEECFRETDYEEFLEIARNGLKATSNPKRVV,0
ADTGEGDFLAEGGGVR,0
ARQLNPSDQELQSPQQLYPQQPYPQQPY,0
DKNAYGIDLIL,0
DRDSCVDKSRCGKYGYYGQCDDCCKKAGDRAGTCVYYKCKCNP,0
EVLLEGPSGVLFKDGQKKYLPPGVKIVLLSKAGAVLSNGDNVQF,0
FTSVKMPRDEHWPYN,0
GASGLISFPRV,0
GGSSGLISMPRV,0
GIFSLVKGAAKLAGKGLAKEGGKFGLELIACKIAKQC,0
GSSGLIPFGRT,0
GSSGLISMPRV,0
KPSPDRFYGLM,0
LRPAVIRPKGK,0
MDIVSLAWAALMVVFTFSLSLVVWGRSGL,0
MEALVYVFLLIGTLVVIFFAIFFRDPPRIAKK,0
MEFVAKLFKFFKDLLGKFLGNN,0
MEVNILAFIATALFILVPTAFLLIIYVKTVSQND,0
MFSSFNVLIILRGFVRLKKWFNIDSELAFFFPKK,0
MGIIYLILFLIVIYLLYRILDVLEQK,0
MGLRPDGIIGHSLGEVARAYYNGRISQEEAILSAY,0
MIDLNFPSIFVPLVGLVFPAIAMASLSLYVQRNKIV,0
MIEVFLFGIVLGLIPITLAGLFVTAYLQYRRGDQLDL,0
MKAIFVLKGWWRTS,0
MKVKSSVRKICENCKVIRRSGKVIVICSNPKHKQRQG,0
MKVNPSVKPICDKCRVIRRHGRVMVICSDPRHKQRQG,0
MKVRASVKKLCRNCKIVKRDGVIRVICSAEPKHKQRQG,0
MKVRASVKKRSEDDIIVRRKGRIYVINKKNRRHNQRQG,0
MKVRPSVKKMCDNCKIIKRRGVIRVICATPKHKQRQG,0
MLRTYQPKKRHAKKEHGFRKRMSTSNGRKVLRRRRLKGRKVLSA,0
MLTLKLFVYTVVIFFVSLFIFGFLSNDPGRNPGREE,0
MPFVNQEIVLQIEFEKPTSQSYQVGNFCQGRLNHQETEGGT,0
MQPILEKLYRAESMSQQESQQLFSAIVRGELEPSQLAA,0
MRDIKTYLSVAPVLSTLWFGALAGLLIEINRLFPDALSFPFFSF,0
MRIAKIGVIALFLFMALGGIGGVMLAGYTFILRAG,0
MSGGYSNGFALLVVLFILLIIVGAAYIY,0
MSNTGTTGRIPLWLIGTFVGTAALGILAIFFYGSYVGLGSSL,0
MTLIKYKRKNIQFYKKIIANGYAK,0
MTPSLSNFLWSLAWGTLIVVIPATVGLIFISQKDKIQRS,0
MTQQSNPNEQTVELNRTSLYWGLLLIFVLAVLFSNYFFN,0
MTQSNPNEQNVELNRTSLYWGLLLIFVLAVLFSNYFFN,0
MVNTGRVPLWLVGLVGGFAVITIVSLFIYGSYSGLGSSL,0
PIDPGV,0
QLTFTPGW,0
QPNPDEFVGLM,0
VVSLSIPR,0
AAKKWAKAKWAKAKKWAKAA,1
AAVPIVNLKDELLFPSWEALFSGSE,1
AAWKWAWAKKWAKAKKWAKAA,1
AIGSILGALAKGLPTLISWIKNR,1
AKRHHGYKRKFH,1
ALSKALSKALSKALSKALSKALSK,1
ALWKDILKNVGKAAGKAVLNTVTDMVNQ,1
ALWKTMLKKLGTMALHAGKAALGAAADTISQGTQ,1
AWKKWAKAWKWAKAKWWAKAA,1
FAFAKIIAKIAKKII,1
FAFGKGIGKIGKKGL,1
FAKAIAKIAFGKGIGKVGKKLL,1
FAKALAKLAKKLL,1
FAKFLAKFLKKAL,1
FAKIIAKIAKIAKKIL,1
FAKKFAKKFKKFAKKFAKFAFAF,1
FAKKLAKKAKLAKKL,1
FAKKLAKKLKKLAKKLAKKWKL,1
FAKKLAKKLKKLAKKLAKLALALKALALKAL,1
FAKKLAKKLKKLAKKLIGAVLKV,1
FAKKLAKLAKKALAL,1
FAKKLAKLAKKLAKAL,1
FAKKLAKLAKKLAKLALAL,1
FAKKLAKLAKKLLAL,1
FAKKLAKLALKLAKL,1
FAKKLLAKALKL,1
FAKLAKKALAKLL,1
FAKLFAKLAKKFAL,1
FAKLLAKAFKKAL,1
FAKLLAKALKKAL,1
FAKLLAKALKKFAL,1
FAKLLAKALKLKL,1
FAKLLAKFLKKAL,1
FAKLLAKLAKAKA,1
FAKLLAKLAKKAL,1
FAKLLAKLAKKFAL,1
FAKLLFKALKKAL,1
FAKLLKLAAKKLL,1
FAKLWAKLAFGKGIGKVGKKLL,1
FAKLWAKLAKKL,1
FALAAKALKKLAKKLKKLAKKAL,1
FALAKALKKAL,1
FALAKKALKKAKKAL,1
FALAKLAKKAKAKLKKALKAL,1
FALALKALKKALKKLKKALKKAL,1
FALALKALKKLLKKLKKLAKKAL,1
FALALKLAKKAL,1
FALKALKKLKKALKKAL,1
FALLKALKKAL,1
FALLKALLKKAL,1
FKLAFKLAKKAFL,1
FKRLAKIKVLRLAKIKR,1
FLGALFHALSKLL,1
FLGALFKALSHLL,1
FLGALFKALSKLL,1
FLGMIPGLIGGLISAFK,1
FLGMIPKLIKKLIKAFK,1
FLGWLFKWAKK,1
FLGWLFKWAWK,1
FLKLLKKLAAKFLPTIICKISYKC,1
FLKLLKKLAAKLF,1
FLPLIGRVLSGIL,1
FLSLIPKLVKKIIKAFK,1
FLSLIPSLVGGSISAFK,1
FLWWLFKWAWK,1
GFFALIPKIISSPLFKTLLSAVGSALSSSGGQE,1
GFKMALKLLKKVL,1
GIGKFLHAAKKFAKAFVAEIMNS,1
GIGKFLHSAKKWGKAFVGQIMNC,1
GIGKFLKKAKKFAKAFVKIINN,1
GKFMSLLKHILK,1
GKWKKILGHLIR,1
GKWKKILGKLIR,1
GKWKSLLKHILK,1
GKWLSLLKHILK,1
GKWMKLLKHILK,1
GKWMSFLKHILK,1
GKWMSLLKHWLK,1
GKWMSLLKKILK,1
GKWMSLWKHILK,1
GKWMTLLKHILK,1
GKWSKILGKLIR,1
GLFAVIKKVAAVIKKL,1
GLFAVIKKVAAVIRRL,1
GLFAVIKKVASVIKGL,1
GLFDVIAKVASVIKKL,1
GLFDVIKAVASVIGGL,1
GLFDVIKKVAAVIGGL,1
GLFDVIKKVASVIKKL,1
GLFGKLIKKFARKAISYAVKKARGKH,1
GLFSVLGAVAKHVLPHVVPVIAEK,1
GMWSKILKHLIR,1
GMWSKLLGHLLR,1
GQVWEATATVNAIRGSVTPAVSQFNARTAD,1
GRRKRKWLRRIGKGVKIIGGAALDHL,1
GSEGPLKPGARIFSFDGKDVLRHPT,1
GVGSPYVSRLLGICL,1
GWRTLLKKAEVKTVGKLALKHYL,1
HHPHGHHPHGHHPHGHHPHG,1
HPTWPQKSVWHGSDPNGRRLTESY,1
HSHRDFQPVLHLVALNSPLSGGMRG,1
ILPWKWPWWPWRR,1
ILRWPWWPWRRK,1
KAAKKAAKAAKKAAKAAKKAA,1
KIAKVALAKLGIGAVLKVLTTGL,1
KILRGVAKKILRTFLRRISKDILTGKK,1
KILRGVAKKIMRTFLRRISKKILTGKK,1
KISKRILTGKK,1
KKKFPWWWPFKKKCKKKFPWWWPFKKKC,1
KLAKKLAKLAKLAKAL,1
KNWKKILGKIIKVVK,1
KNWKKILKKIIKVVK,1
KTKLFKKFAKKLAKKLKKLAKKL,1
KWFKKIPKFLHLLKKF,1
KWKFKKIPKFLHLAKKF,1
KWKKFLKIGIGKFLHLAKKF,1
KWKKLLKKPPPLLKKLLKKL,1
KWKLAKKALALL,1
KWKLFAKIGIGKFLHLAKKF,1
KWKLFKKALKKLKKALKKAL,1
KWKLFKKIGIGAFLHLAKKF,1
KWKLFKKIGIGAVLKVLKKG,1
KWKLFKKIGIGKFKLAKKF,1
KWKLFKKIGIGKFLHSAKKF,1
KWKLFKKIPHLAKKF,1
KWKLFKKIPLAKKF,1
KWKLFKKIPLKKF,1
KWKLFKKKTKLFKKFAKKLAKKL,1
KWKSFAKTFKSAKKTVAHTALKAISS,1
KWKSFLKTFKSAKKTVAHTAAKAISS,1
KYKKALKKLAKLL,1
LGGIVSAVKKIVDFLG,1
LLGDFKRIVQRIKDF,1
LPKWKVFKKIEKVGRNIRNGIVKAGPAIAVLGEAKALG,1
MNFNKLFVFVALVLAVCIGQSEAGWLKKIGKKIERVGQHTRDATIQTIGVAQ,1
MNFQQRLQSLWTLARPFCPPLLATASQMQMVVLPCLGFTLLLWSQVSGAQGQEFHFGPCQVKGVVPQ,1
MPKEKVFLKIEKMGRNIRN,1
MPRWRLFRRIDRVGKQIKQGILRAGPAIALVGDARAVG,1
MRKWFHNVLSSGQLLADKWPAWDYNRK,1
MWKEFHNVLSSGQLLADKRWARWYNRW,1
MWKWFHNVLSSGQLLADKWWAWWYNWW,1
MWKWFHNVLSSWQLLADKRPARDYNRK,1
NKWKKILGKIIKVVK,1
NYHNRTVEVRTLKSFSTLANNFVLIVSQLQPSQENEMFSIRGDSAHRRFLLFRRAFKQLDVEAAL,1
PDEDAINDALNKVCSTGRRQRSICKQLLKK,1
PEWFKCRRWQWRMKKLGA,1
RGDLLRHVVKILEKYL,1
RKAFRWAWRMLKKAAPSITCVR,1
RWGKWFKKATHVGKHVGKAALTAYL,1
SWLSKTAKKLENSAKKRISEGIAIAIQGGPR,0
AAEFPDFYDSEEQMGPHQEAEDEKDRADQRVLTEEEKKELENLAAMDLELQKIAEKFSQR,0
AAKPMGITCDLLSLWKVGHAACAAHCLVLGDVGGYCTKEGLCVCKE,0
ACNFQSCWATCQAQHSIYFRRAFCDRSQCKCVFVRG,0
ACYCRIGACVSGERLTGACGLNGRIYRLCCR,0
AEVAPAPAAAAPAKAPKKKAAAKPKKAGPS,0
AFPPPNVPGPRFPPPNFPGPRFPPPNFPGPRFPPPNFPGPRFPPPNFPGPPFPPPIFPGPWFPPPPPFRPPPFGPPRFP,0
AGANDLCQECEDIVHLLTKMTKEDAFQDTIRKFLEQECDILPLKLLVPRCRQVLDVYLPLVIDYFQGQIKPKAICSHVGLC,0
AGDPLADPNSQIVRQIMSNAAWGPPLVPERFRGMAVGAAGGVTQTVLQGAAAHMPVNVPIPKVPMGPSWNGSKG,0
ALPKKLKYLNLFNDGFNYMGVV,0
ALSILKGLEKLAKMGIALTNCKATKKC,0
ALWKDILKNAGKAALNEINQLVNQ,0
ANTAFVSSAHNTQKIPAGAPFNRNLRAMLADLRQNAAFAG,0
APPGARPPPGPPPPGPPPPGP,0
AQRCGDQARGAKCPNCLCCGKYGFCGSGDAYCGAGSCQSQCRGCR,0
ATAVDFGPHGLLPIRPIRIRPLCGKDKS,0
ATCDLFSFRSKWVTPNHAACAAHCLLRGNRGGRCKGTICHCRK,0
ATCDLLSGIGVQHSACALHCVFRGNRGGYCTGKGICVCRN,0
ATCDLLSGTGINHSACAAHCLLRGNRGGYCNGKAVCVCRN,0
ATCDLLSMWNVNHSACAAHCLLLGKSGGRCNDDAVCVCRK,0
ATCYCRTGRCATRESLSGVCEISGRLYRLCCR,0
ATPATPTVAQFVIQGSTICLVC,0
ATRVVYCNRRSGSVVGGDDTVYYEG,0
AVDFSSCARMDVPGLSKVAQGLCISSCKFQNCGTGHCEKRGGRPTCVCDRCGRGGGEWPSVPMPKGRSSRGRRHS,0
AVTCNTVVSSLAPCVPFFAGSAAQPTAACCNGVRSLNSAARTTPDRRTACNCIKSSASSIGLNYNKAAKLPSRCTVNVTVPISPSVNCAT,0
CAWYNISCRLGNKGAYCTLTVECMPSCN,0
CLAGRLDKQCTCRRSQPSRRSGHEVGRPSPHCGPSRQCGCHMD,0
CSCRTSSCRFGERLSGACRLNGRIYRLCC,0
DAPGHPGKHYLQVNVPSDVRTIGVAGGGVQQCFRVTPGAWNDTRALVSNGAQVEVWGYTVADCANRTTANQKYYDKAAAPSDSSTYFWFTLKNLRV,0
DDMTMKPTPPPQYPLNLQGGGGGGSGDGFGFAVQGHQKVWTSDNGRHEIGLNGGYGQHLGGPYGNSEPSWKVGSTYTYRFPNF,0
DFKDWMKTAGEWLKKKGPGILKAAMAAAT,0
DHHHDHGHDDHEHEELTLEKIKEKIKDYADKTPVDQLTERVQAGRDYLLGKGARPSHLPARVDRHLSKLTAAEKQELADYLLTFLH,0
DIQIPGIKKPTHRDIIIPNWNPNVRTQPWQRFGGNKS,0
DLRFLYPRGKLPVPTLPPFNPKPIYIDMGNRY,0
DLRFWNPREKLPLPTLPPFNPKPIYIDMGNRY,0
DSHEKRHHGYRRKFHEKHHSHREFPFYGDYGSNYLYDN,0
DVQCGEGHFCHDQTCCRASQGGACCPYSQGVCCADQRHCCPVGF,0
EADEPLWLYKGDNIERAPTTADHPILPSIIDDVKLDPNRRYA,0
EIRLPEPFRFPSPTVPKPIDIDPILPHPWSPRQTYPIIARRS,0
EKKCPGRCTLKCGKHERPTLPYNCGKYICCVPVKVK,0
ELPKLPDDKVLIRSRSNCPKGKVWNGFDCKSPFAFS,0
ENDHRMPNNLNRPNNLSKGGAKCGAAIAGGLFGIPKGPLAWAAGLANVYSKCN,0
ENFFKEIERAGQRIRDAIISAAPAVETLAQAQKIIKGGD,0
ERGSRGQRCGPGEVFNQCGSACPRVCGRPPAQACTLQCVSGCFCRRGYIRTQRGGCIPERQCHQR,0
ETESTPDYLKNIQQQLEEYTKNFNTQVQNAFDSDKIKSEVNNFIESLGKILNTEKKEAPK,0
FAEPLPSEEEGESYSKEPPEMEKRYGGFM,0
FFRHLFRGAKAIFRGARQGWRAHKVVSRYRNRDVPETDNNQEEP,0
FFSASCVPGADKGQFPNLCRLCAGTGENKCA,0
FGLPMLSILPKALCILLKRKC,0
FSFKRLKGFAKKLWNSKLARKIRTKGLKYVKNFAKDMLSEGEEAPPAAEPPVEAPQ,0
FSKYERQKDKRPYSERKNQYTGPQFLYPPERIPPQKVIKWNEEGLPIYEIPGEGGHAEPAAA,0
GEILCNLCTGLINTLENLLTTKGADKVKDYISSLCNKASGFIATLCTKVLDFGIDKLIQLIEDKVDANAICAKIHAC,0
GFGCPLDQMQCHRHCQTITGRSGGYCSGPLKLTCTCYR,0
GFKLKGMARISCLPNGQWSNFPPKCIRECAMVSS,0
GGLKKLGKKLEGVGKRVFKASEKALPVAVGIKALGK,0
GGLKKLGKKLEGVGKRVFKASEKALPVLTGYKAIG,0
GILDSFKQFAKGVGKDLIKGAAQGVLSTMSCKLAKTC,0
GILDSLKNLAKNAGQILLNKASCKLSGQC,0
GILDTLKNLAISAAKGAAQGLVNKASCKLSGQC,0
GILDTLKQFAKGVGKDLVKGAAQGVLSTVSCKLAKTC,0
GKQYFPKVGGRLSGKAPLAAKTHRRLKP,0
GKWGWIYITILFADVGGFKSSRHPEERRVQERRFKRITRGPD,0
GLFRRLRDSIRRGQQKILEKARRIGERIKDIFRG,0
GLFSILRGAAKFASKGLGKDLTKLGVDLVACKISKQC,0
GLFTLIKCAYQLIAPTVACN,0
GLGSVFGRLARILGRVIPKVAKKLGPKVAKVLPKVMKEAIPMAVEMAKSQEEQQPQ,0
GLLCYCRKGHCKRGERVRGTCGIRFLYCCPRR,0
GLLDSIKGMAISAGKGALQNLLKVASCKLDKTC,0
GLLDSLKNLAINAAKGAGQSVLNTLSCKLSKTC,0
GLLNGLALRLGKRALKKIIKRLCR,0
GLLRASSVWGRKYYVDLAGCAKA,0
GLLSGVLGVGKKVDCGLSGLC,0
GLLSRLRDFLSDRGRRLGEKIERIGQKIKDLSEFFQS,0
GLMSVLGHAVGNVLGGLFKS,0
GLRSKIWLWVLLMIWQESNKFKKM,0
GLVSSIGKALGGLLADVVKTKEQPA,0
GLVSSIGRALGGLLADVVKSKEQPA,0
GPDSCNHDRGLCRVGNCNPGEYLAKYCFEPVILCCKPLSPTPTKT,0
GRPNPVNNKPTPHPRL,0
GRPNPVNTKPTPYPRL,0
GRRRRSVQWCAVSQPEATKCFQWQRNMRKVRGPPVSCIKRDSPIQCIQA,0
GSCSCSGTISPYGLRTCRATKTKPSHPTTKETHPQTLPT,0
GSKKPVPIIYCNRRTGKCQRM,0
GSNFCDSKCKLRCSKAGLADRCLKYCGICCEECKCVPSGTYGNKHECPCYRDKKNSKGKSKCP,0
GSQLVYREWVGHSNVIKGPP,0
GSVLNCGETCLLGTCYTTGCTCNKYRVCTKD,0
GTCKAECPTWEGICINKAPCVKCCKAQPEKFTDGHCSKILRRCLCTKPC,0
GTPGFQTPDARVISRFGFN,0
GTWDDIGQGIGRVAYWVGKALGNLSDVNQASRINRKKKH,0
GVFLDALKKFAKGGMNAVLNPK,0
GVFSFLKTGAKLLGSTLLKMAGKAGAEHLACKATNQC,0
GVIKSVLKGVAKTVALGML,0
GVITDALKGAAKTVAAELLRKAHCKLTNSC,0
GVLDILKGAGKDLLAHALSKISEKV,0
GVLDILTGAGKDLLAHALSKLSEKV,0
GVVDILKGAGKDLLAHLVGKISEKV,0
GWANTLKNVAGGLCKITGAA,0
HHQELCTKGDDALVTELECIRLRISPETNAAFDNAVQQLNCLNRACAYRKMCATNNLEQAMSVYFTNEQIKEIHDAATACDPEAHHEHDH,0
HNKQEGRDHDKSKGHFHRVVIHHKGGKAH,0
HRHQGPIFDTRPSPFNPNQPRPGPIY,0
HVDKKVADKVLLLKQLRIMRLLTRL,0
IFGAILPLALGALKNLIK,0
IIEKLVNTALGLLSGL,0
IIGLVSKGTCVLVKTVCKKVLKQG,0
IKITTMLAKLGKVLAHV,0
ILENLLARSTNEDREGSIFDTGPIRRPKPRPRPRPEG,0
ITCQQVTSELGPCVPYLTGQGIP,0
IYWIADQFGIHLATGTARKLLDAMASGASLGTAFAAILGVTLPAWALAAAGALGATAA,0
KCKWWNISCDLGNNGHVCTLSHECQVSCN,0
KLWEAFWAVKDTMQAQDNITSARLLQQEVLQNVSDAESCYLVHTLLEFYLKTVFKNYHNRTVE,0
KQEGRDHDKSKGHFHMIVIHHKGGQAHHG,0
KQQLATEAESAGPIL,0
KRFGRLAKSFLRMRILLPRRKILLAS,0
KRFHSVGSLIQRHQQMIRDKSEATRHGIRIITRPKLLLAS,0
KRRGSVTTRYQFLMIHLLRPKKLFA,0
KRRHWFPLSFQEFLEQLRRFRDQLPFP,0
KSCCRSTQARNIYNAPRFAGGSRPLCALGSGCKIVDDKKTPPND,0
LCLDQKPEMEPFRKDAQQALEPSRQRRWLHRRCLSGRGFCRAICSIFEEPVRGNIDCYFGYNCCRRMFSHYRTS,0
LIDHLGAPRWAVDTILGAIAVGNLASWVLALVPGPGWAVKAGLATAAAIVKHQGKAAAAAW,0
LLGRCKVKSNRFHGPCLTDTHCSTVCRGEGYKGGDCHGLRRRCMCLC,0
LPVNEAQCRQVGGYCGLRICNFPSRFLGLCTRNHPCCSRVWV,0
LQDAALGWGRRCPQCPRCPSCPSCPRCPRCPRCKCNPK,0
LRVRLASHLRKLRKRLLRDADDLQKRLAVY,0
LSCKRGTCHFGRCPSHLIKGSCSGG,0
LTCEIDRSLCLLHCRLKGYLRAYCSQQKVCRCVQ,0
MDSNKDERAYAQWVIIILHNVGSSPFKIANLGLSWGKLYADGNKDKEV,0
MHDFWVLWVLLEYIYNSACSVLSATSSVSSRVLNRSLQVKVVKITN,0
MINRTDCNENSYLEIHNNEGRDTLCFANAGTMPVAIYGVNWVESGNNVVTLQFQRNLSDPRLETITLQKWGSWNPGHIHEILSIRIY,0
MKTFSVAVAVAIVLAFICTQESSALPVTGVEELVELVSSDDPVADHQELPVELGERLFNIRKKRASPKCTPYCYPTRDGVFCGVRCDF,0
MKTFSVAVAVAVVLAFICTQESSALPVTGIEELVEPVSSDNNDNHQGLPVELRERLVNIRKKRAPTDCIPYCYPTGDGFHCGVTCRF,0
MLAKIKAMIKKFPNPYTLAAKLTTYEINWYKQQYGRYPWERPVA,0
MNFNKLFVFVALVLAVCIGQSEAGWLKKIGKKIERVGQHTRDATIQTIGVAQ,0
MRILYLLFSVLFLVLQVSPGLSLPQRDMFLCRIGSCHFGRCPIHLVRVGSCFGFRSCCKSPWDV,0
PDEDAINDALNKVCSTGRRQRSICKQLLKK,0
SKRNTWTPSGSNTKWMVEWSGQNLDSGALGTITVDVLRKGN,0
SKYGGECSVEHNTCTYLKGGKDHIVSCPSAANLRCKTERHHCEYDEHHKTVDCQTPV,0
SLQGGAPNFPQPSQQNGGWQVSPDLGRDDKGNTRGQIEIQNKGKDHDFNAGWGKVIRGPNKAKPTWHVGGTYRR,0
SLQPGAPNVNNKDQPWQVSPHISRDDSGNTRTDINVQRHGENNDFEAGWSKVVRGPNKAKPTWHIGGTHRW,0
TYMPVEEGEYIVNISYADQPKKNSPFTAKKQPGPKVDLSGVKAYGPG,0
VLLFLFQAAPGSADAPFADTAACRSQGNFCRAGACPPTFAASGSCHGGLLNCCAK,0
VNYGNGVSCSKTKCSVNWGQAFQERYTAGINSFVSGVASGAGSIGRRP,0
VQETQKLAKTVGANLEETNKKLAPQIKSAYDDFVKQAQEVQKKLHEAASKQ,0
VSCTCRRFSCGFGERASGSCTVNGVRHTLCCRR,0
VTCDILSVEAKGVKLNDAACAAHCLFRGRSGGYCNGKRVCVCR,0
VTCDLLSFEAKGFAANHSLCAAHCLAIGRRGGSCERGVCICRR,0
VTCYCRRTRCGFRERLSGACGYRGRIYRLCCR,0
VTSWSLCTPGCTSPGGGSNCSFCC,0
WNPFKELERAGQRVRDAIISAGPAVATVAQATALAK,0
YPSDYNGKTVGPDEKIQINSCGRENASSGTEGSFDIVDPNDGNKTIRHFYWECPWG,0
YRQSMNNFQGLRSFGCRFGTCTVQKLAHQIYQFTDKDKDNVAPRSKISPQGY,0
YVPLPNVPQPGRRPFPTFPGQGPFNPKIKWPQGY,0
